PATTERN_LEN;SEQ_LEN;MATCH;MISMATCH;GAP_OPEN;GAP_EXTEND;MAX_VALUE;TIME
100;100000;2;-1;-3;-1;170;4.465000
200;100000;2;-1;-3;-1;370;8.837000
300;100000;2;-1;-3;-1;571;13.373000
400;100000;2;-1;-3;-1;770;17.958000
500;100000;2;-1;-3;-1;970;22.053000
600;100000;2;-1;-3;-1;1170;26.470000
700;100000;2;-1;-3;-1;1370;31.468000
800;100000;2;-1;-3;-1;1573;35.425000
900;100000;2;-1;-3;-1;1770;40.138000
